Atomic,Savor 80,$249.00,,,,,,,,,,,,,,
Atomic,Savor 75W,$249.00,,,,,,,,,,,,,,
Atomic,Hawx Ultra XTD 130,$899.00,,,,,,,,,,,,,,
Atomic,Hawx Prime XTD 120,$799.00,,,,,,,,,,,,,,
Atomic,Hawx Ultra XTD 115 W,$799.00,,,,,,,,,,,,,,
Atomic,Hawx Prime XTD 95 W,$549.00,,,,,,,,,,,,,,
Atomic,Hawx Ultra 130 S,$749.00,,,,,,,,,,,,,,
Atomic,Hawx Ultra 110 S,$549.00,,,,,,,,,,,,,,
Atomic,Hawx Prime 130 S,$699.00,,,,,,,,,,,,,,
Atomic,Hawx Prime 120 S,$599.00,,,,,,,,,,,,,,
Atomic,Hawx Prime 100 ,$449.00,,,,,,,,,,,,,,
Atomic,Hawx Magna 130 S,$699.00,,,,,,,,,,,,,,
Atomic,Hawx Magna 110 S,$499.00,,,,,,,,,,,,,,
Atomic,Hawx Ultra XTD 110 W,$749.00,,,,,,,,,,,,,,
Atomic,Hawx Ultra 115 S W,$599.00,,,,,,,,,,,,,,
Atomic,Hawx Prime 95 W,$499.00,,,,,,,,,,,,,,
Atomic,Hawx Ultra 85 W,$399.00,,,,,,,,,,,,,,
Atomic,Hawx Prime 85 W,$399.00,,,,,,,,,,,,,,
Atomic,Hawx Magna 75 W,$249.00,,,,,,,,,,,,,,
Rossignol,Allspeed Pro 120,$629.95,,,,,,,,,,,,,,
Rossignol,Allspeed Pro 100,$529.95,,,,,,,,,,,,,,
Rossignol,Alltrack Pro 130 GW,$729.95,,,,,,,,,,,,,, 
Rossignol,Alltrack Elite 130 LT GW,$749.90,,,,,,,,,,,,,,
Rossignol,Alltrack Elite 110 LT W,$629.95,,,,,,,,,,,,,,
Rossignol,Alltrack Elite 120 W GW,$649.95,,,,,,,,,,,,,,
Rossignol,Pure Elite 120,$629.95,,,,,,,,,,,,,,
Rossignol,Pure Pro 100,$529.95,,,,,,,,,,,,,,
Rossignol,Pure Pro 80,$429.95,,,,,,,,,,,,,,
Rossignol,Hero WC 110 SC,$549.95,,,,,,,,,,,,,,
Rossignol,Hero WC 90 SC,$499.95,,,,,,,,,,,,,,
Rossignol,Hero WC 70 SC,$399.95,,,,,,,,,,,,,,
Rossignol,Hero JR 65,$229.95,,,,,,,,,,,,,,
Rossignol,Alltrack 80 Jr,$299.95,,,,,,,,,,,,,,
Rossignol,Allspeed Jr 70,$249.95,,,,,,,,,,,,,,
Rossignol,Comp J4,$159.95,,,,,,,,,,,,,,
Rossignol,Comp J3,$139.95,,,,,,,,,,,,,,
Rossignol,Fun Girl J4,$159.95,,,,,,,,,,,,,,
Rossignol,Fun Girl J3,$139.95,,,,,,,,,,,,,,
Salomon,S Lab Mtn,$849.00,,,,,,,,,,,,,,
Salomon,S Max 120,$699.00,,,,,,,,,,,,,,
Salomon,S Max 100,$499.00,,,,,,,,,,,,,,
Salomon,S Pro 130,$699.00,,,,,,,,,,,,,,
Salomon,S Pro 120,$599.00,,,,,,,,,,,,,,
Salomon,S Pro 100,$499.00,,,,,,,,,,,,,,
Salomon,Shift Pro 130,$799.00,,,,,,,,,,,,,,
Salomon,Shift Pro 120,$699.00,,,,,,,,,,,,,,
Salomon,S Pro 100 W,$549.00,,,,,,,,,,,,,,
Salomon,S Pro 80 W CS,$449.00,,,,,,,,,,,,,,
Salomon,S Max 110 W,$599.00,,,,,,,,,,,,,,
Salomon,S Max 90 W ,$499.00,,,,,,,,,,,,,,
Salomon,Shift Pro 110 W,$699.00,,,,,,,,,,,,,,
Salomon,Mtn Explore W,$799.00,,,,,,,,,,,,,,
Salomon,S Pro HV 120,$599.00,,,,,,,,,,,,,,
Salomon,S Pro HV 90 W,$399.00,,,,,,,,,,,,,,
Salomon,QST Access 70 T,$249.00,,,,,,,,,,,,,,
Salomon,S Pro 1947,$549.00,,,,,,,,,,,,,,
Head,Edge Lyt 130,$599.00,,,,,,,,,,,,,,
Head,Edge Lyt 100,$399.00,,,,,,,,,,,,,,
Head,Nexo Lyt 80 W,$449.00,,,,,,,,,,,,,,
Head,Edge Lyt 80 W,$399.00,,,,,,,,,,,,,,
Head,Kore 60,$169.00,,,,,,,,,,,,,,
Head,Z3,$139.00,,,,,,,,,,,,,,
Head,Z2,$109.00,,,,,,,,,,,,,,
Head,Z1,$99.00,,,,,,,,,,,,,,
fulltilt,First Chair 120,$599.99,,,,,,,,,,,,,,
fulltilt,Drop Kick Pro,$549.99,,,,,,,,,,,,,,
fulltilt,Drop Kick S,$349.99,,,,,,,,,,,,,,
fulltilt,Descendant 100,$499.99,,,,,,,,,,,,,,
fulltilt,Kicker,$399.99,,,,,,,,,,,,,,
fulltilt,Soul Sister 90,$449.99,,,,,,,,,,,,,,
fulltilt,Plush 90,$499.99,,,,,,,,,,,,,,
fulltilt,Plush 70,$399.99,,,,,,,,,,,,,,
fulltilt,Pro Liner,$199.99,,,,,,,,,,,,,,
K2,Recon Pro,$749.99,,,,,,,, ,,,,,,
K2,Recon 130 LV GW,$649.99,,,,,,,,,,,,,,
K2,Recon 120 MV GW,$599.99,,,,,,,,,,,,,,
K2,Recon 100 MV GW,$499.99,,,,,,,,,,,,,,
K2,Mindbender 120 GW,$649.99,,,,,,,,,,,,,,
K2,Anthem 110 LV GW,$599.99,,,,,,,,,,,,,,
K2,Anthem 100 MV GW,$499.99,,,,,,,,,,,,,,
K2,Anthem 80 MW,$399.99,,,,,,,,,,,,,,
K2,Mindbender 110 A GW,$599.99,,,,,,,,,,,,,,
Lange,XT3 Pro Model,$849.95,,,,,,,,,,,,,,
Lange,XT3 130,$799.95,,,,,,,,,,,,,,
Lange,XT3 120,$699.95,,,,,,,,,,,,,,
Lange,RX 120,$649.95,,,,,,,,,,,,,,
Lange,RX 100,$549.95,,,,,,,,,,,,,,
Lange,XT3 110 W LV,$699.95,,,,,,,,,,,,,,
Lange,XT3 90 W,$579.95,,,,,,,,,,,,,,
Lange,RX 80 W,$449.95,,,,,,,,,,,,,,
Burton,Photon Step On,$479.99,,,,,,,,,,,,,,
Burton,Swath Boa,$419.99,,,,,,,,,,,,,,
Burton,Ruler Boa,$349.99,,,,,,,,,,,,,,
Burton,Moto ,$249.99,,,,,,,,,,,,,,
Burton,Limelight Step-On,$379.99,,,,,,,,,,,,,,
Burton,Ritual,$359.99,,,,,,,,,,,,,,
Burton,Limelight Boa,$339.99,,,,,,,,,,,,,,
Burton,Mint Boa,$279.99,,,,,,,,,,,,,,
Burton,Zipline Step On,$219.99,,,,,,,,,,,,,,
Burton,Zipline Boa,$189.99,,,,,,,,,,,,,,
Burton,Grom Boa,$149.99,,,,,,,,,,,,,,
Burton,Mini Grom,$84.99,,,,,,,,,,,,,,
K2,Thraxis,$499.99,,,,,,,,,,,,,,
K2,Maysis,$349.99,,,,,,,,,,,,,,
K2,Boundary,$329.99,,,,,,,,,,,,,,
K2,Kinsley,$329.99,,,,,,,,,,,,,,
K2,Sapera,$299.99,,,,,,,,,,,,,,
Ride,Fuse,$369.99,,,,,,,,,,,,,,
Ride,Lasso,$349.99,,,,,,,,,,,,,,
Ride,Jackson,$299.99,,,,,,,,,,,,,,
Ride,Anthem,$259.99,,,,,,,,,,,,,,
Ride,Hera,$329.99,,,,,,,,,,,,,,
Ride,Sage,$259.99,,,,,,,,,,,,,,
